diva.i2p,auoqibfnyujhcht4v3nzahpqztwlyomesfywltuls5bqqi3nd3ka
n1.testnet.diva.i2p,ffamqrtfmoggd2xzx5m4pwigjfjj7rpeq3wrnhj3mthhrir5v6ma
n2.testnet.diva.i2p,wyhggfopyk6naf42k3valqjejxfcjjirxrr65tt5qd4edlcgdmka
n3.testnet.diva.i2p,hqdoasneykmlp6ctanjaexdevtfzplgajy3l34kkiwbklvmnt7zq
n4.testnet.diva.i2p,rlsuda35qqm26mti2uvsvaazx5wld44qnznwke4gyt4qdfg2b25q
n5.testnet.diva.i2p,tp23tec7xjxvurbopnnhiimqgwr5k6yga3jwgjxhkdixfkk2otwq
n6.testnet.diva.i2p,kqlv2ldaodhw54qv5jeo6iq5hxwhkki3osymv3npqfmnief25hza
n7.testnet.diva.i2p,3g2cxar2wn5hkijt2l5byk6k26wr7z532wnvs77b7sjwefd6y22a
inr.i2p,joajgazyztfssty4w2on5oaqksz6tqoxbduy553y34mf4byv6gpq
stats.i2p,7tbay5p4kzeekxvyvbf6v7eauazemsnnl2aoyqhg5jzpr5eke7tq
